patient_id,pdf_source,reference,markdown_text
sample_patient,pathology.pdf,pathology,"# pathology

## Page 1

# PATHOLOGY REPORT
**Report [REDACTED]**: P-2025-37852
**Date of Procedure**: 01/15/2025
**Date of Report**: 01/18/2025
**Patient [REDACTED]**: John [REDACTED]
**MRN**: 76549821
**DOB**: 06/18/1958
**Sex**: Male
**Race**: White
**Ethnicity**: Non-Hispanic
**Attending [REDACTED]**: Emily [REDACTED], MD
**Requesting [REDACTED]**: Robert [REDACTED], MD
## CLINICAL INFORMATION
66-year-old male with 30 pack-year smoking history (Former smoker, quit 5 years ago) and
3.2 cm right upper lobe lung mass identified on CT scan.
## SPECIMEN RECEIVED
A. Right upper lobe lung, CT-guided core needle biopsy (3 cores)
## DIAGNOSIS
Right upper lobe lung, CT-guided core needle biopsy (3 cores):
- Invasive adenocarcinoma, moderately differentiated (Grade 2)
- Histologic [REDACTED]: Acinar (60%) and papillary (40%)
- Tumor [REDACTED] (based on imaging): 3.2 cm
- KRAS G12C mutation present

## Page 2

- PD-L1 expression: 55%
**Electronically signed**: 01/18/2025 11:23 AM
***This is the end of the pathology report***

"
sample_patient,summary.pdf,chemotherapy,"# summary

## Page 1

# DISCHARGE SUMMARY
**[REDACTED]**: 03/30/2025
**Patient**: John [REDACTED]
**MRN**: 76549821
**DOB**: 06/18/1958
**Age**: 66
**Sex**: Male
**Race**: White
**Ethnicity**: Non-Hispanic
**[REDACTED] of Admission**: 03/08/2025
**[REDACTED] of Discharge**: 03/15/2025
**Primary [REDACTED]**: [REDACTED] III Lung [REDACTED]
**[REDACTED] of [REDACTED]**: 01/22/2025
## ATTENDING PHYSICIAN
Dr. Sarah [REDACTED], MD
## ADMITTING DIAGNOSIS
1. Lung [REDACTED], [REDACTED] IIIA (T2N2M0)
2. Pneumonia
## DISCHARGE DIAGNOSIS
1. Lung [REDACTED], [REDACTED] IIIA (T2N2M0)
2. Resolving pneumonia
3. Hypertension
4. [REDACTED] 2 Diabetes [REDACTED]

## Page 2

## HISTORY OF PRESENT ILLNESS
66-year-old male with recently diagnosed Lung [REDACTED] presented with fever,
productive cough, and shortness of breath for 3 days. Patient was admitted for treatment
of pneumonia and further workup of his lung cancer. he has completed 1 cycle of
chemotherapy (carboplatin/paclitaxel) prior to this admission.
## PHYSICAL EXAMINATION
**Height**: 178 cm
**Weight**: 82 kg
**BMI**: 25.9
**Blood [REDACTED]**: 148/92 mmHg
**Pulse**: 92 BPM
**Temperature**: 37.8Â°C
**Respiratory [REDACTED]**: 20/min
**O2 Saturation**: 94% on room air
**General**: Patient is a well-developed, well-nourished male in no acute distress.
**HEENT**: Normocephalic, atraumatic. Pupils equal, round, and reactive to light.
Oropharynx clear.
**Neck**: Supple, no lymphadenopathy.
**Lungs**: Decreased breath sounds in right upper lobe. Scattered rhonchi and crackles
throughout right lung field.
**Cardiovascular**: Regular rate and rhythm. No murmurs, gallops, or rubs.
**Abdomen**: Soft, non-tender, non-distended. Bowel sounds normal.
**Extremities**: No edema, cyanosis, or clubbing.
**Neurological**: Alert and oriented x3. Cranial nerves II-XII intact. Motor strength 5/5
in all extremities.
## ADDITIONAL INFORMATION
**Smoking [REDACTED]**: Former smoker (quit 5 years ago)

## Page 3

**Pack [REDACTED]**: 30
**ECOG Performance [REDACTED]**: 1
**Comorbidities**: Hypertension, [REDACTED] 2 Diabetes [REDACTED], [REDACTED]
**Allergies**: None known
**ZIP Code**: 19103
**State/Country**: Pennsylvania, [REDACTED] [REDACTED]
**Residence**: Urban
**Socioeconomic [REDACTED]**: Middle income
---
Electronically signed by: Sarah [REDACTED], MD
[REDACTED]: 03/15/2025 2:45 PM

"
sample_patient,imaging.pdf,imaging,"# imaging

## Page 1

# RADIOLOGY REPORT
**Exam [REDACTED]**: 01/10/2025
**Report [REDACTED]**: 01/18/2025
**Patient [REDACTED]**: John [REDACTED]
**MRN**: 76549821
**DOB**: 06/18/1958
**Age**: 66
**Sex**: Male
**Race**: White
**Ethnicity**: Non-Hispanic
**Weight**: 82 kg
**Height**: 178 cm
**Ordering [REDACTED]**: Robert [REDACTED], MD
**Radiologist**: Jennifer [REDACTED], MD
## EXAMINATION PERFORMED
CT Chest with IV Contrast
## CLINICAL INDICATION
66-year-old male, Former smoker (30 pack-years, quit 5 years ago) with persistent cough
for 3 months. Recent chest X-ray showed a right upper lobe opacity.
## IMPRESSION
1. 3.2 cm spiculated mass in the right upper lobe, highly suspicious for primary lung
malignancy. Clinical stage T2aN2M0 (Stage IIIA) based on imaging findings.
2. Enlarged right paratracheal, subcarinal, and right hilar lymph nodes, concerning for
nodal metastases.

## Page 2

3. Mild centrilobular emphysema, consistent with smoking history.
4. No evidence of distant metastatic disease in the visualized structures.
---
Electronically signed by: Jennifer [REDACTED], MD
[REDACTED] [REDACTED] Radiologist
[REDACTED]: 01/18/2025 9:45 AM
***This is the end of the radiology report***

"
sample_patient,surgery.pdf,surgery,"# surgery

## Page 1

# SURGICAL REPORT
**[REDACTED] of Surgery**: 02/12/2025
**Time of Surgery**: 08:15 AM - 11:45 AM
**Patient [REDACTED]**: John [REDACTED]
**MRN**: 76549821
**DOB**: 06/18/1958
**Age**: 66
**Sex**: Male
**Race**: White
**Ethnicity**: Non-Hispanic
**[REDACTED]**: Michael [REDACTED], MD
**Assistant [REDACTED]**: Jennifer [REDACTED], MD
## PREOPERATIVE DIAGNOSIS
Right upper lobe lung adenocarcinoma, Stage IIIA (T2N2M0)
## POSTOPERATIVE DIAGNOSIS
Right upper lobe lung adenocarcinoma, Stage IIIA (T2N2M0)
## PROCEDURE PERFORMED
Right upper lobectomy with mediastinal lymph node dissection
## FINDINGS
- 3.5 cm firm mass in the right upper lobe with no direct invasion of the chest wall or
mediastinum
- Enlarged lymph nodes at station 4R, measuring up to 1.5 cm

## Page 2

- No evidence of pleural metastases or malignant pleural effusion
- No tumor involvement of major vascular structures
---
Electronically signed by: Michael [REDACTED], MD
[REDACTED]: 02/12/2025 3:15 PM

"
